{"Means": {"H1": 0.004541916997191537, "H2": 0.16002280383676687, "H3": 0.13769556186891238}, "Stds": {"H1": 0.35175347594377354, "H2": 0.2036067200803109, "H3": 0.1425596454650879}}