{"Means": {"0": 309592167.3782187, "1": 0.14180006323719138, "2": 63.35755314534306, "3": 282349475.6215994, "4": 0.14235876926211066, "5": 72.48568309167597, "6": 253888041.63216847, "7": 0.0704678613767357, "8": 134.8059825424095, "9": 264073452.2544976, "10": 0.07363617483139603, "11": 92.9673297376169, "12": 272868387.97944665, "13": 0.08875373165755993, "14": 84.60881365477472, "15": 266622098.54500663, "16": 0.045481396822659434, "17": 184.15459845661306, "18": 270876955.09359795, "19": 0.057620268116206366, "20": 77.3142241627939, "21": 61785642818.03381, "22": 0.006026848806925208, "23": 263.7695743385514, "24": 92827042496.16055, "25": 0.005052703732133271, "26": 317.24312969656506, "27": 12562752187815.387, "28": 0.00025731639692300716, "29": 6171.099055669123, "30": 283545636.55949533, "31": 0.08652149295252626, "32": 86.6095842365497, "33": 273327333.29136324, "34": 0.09541415989693394, "35": 88.13827559217803, "36": 268727256.2990692, "37": 0.0474336669155213, "38": 150.19067881369986, "39": 294467412.7888964, "40": 0.07494098493546926, "41": 98.16196634898266, "42": 281480981.41590357, "43": 0.044737186409699176, "44": 149.7296320913808, "45": 325208762.715078, "46": 0.08423504492004956, "47": 93.28516596358926}, "Variances": {"0": 3.835023184760535e+20, "1": 0.01676824677897803, "2": 11831.006575738864, "3": 3.3562666833802953e+19, "4": 0.014490882999684271, "5": 19948.81447684773, "6": 4.753086389126474e+18, "7": 0.004018492962808167, "8": 61321.35402432617, "9": 6.141750870355353e+18, "10": 0.004598444613857518, "11": 26421.508891360543, "12": 1.887093085154564e+18, "13": 0.006161493210918136, "14": 24137.8197438368, "15": 9.489939811675451e+16, "16": 0.001855318634539039, "17": 100405.72793539162, "18": 7.956665844538815e+19, "19": 0.00308672111854814, "20": 10562.87744125366, "21": 2.432128429662359e+19, "22": 3.6239967870326318e-06, "23": 731.7001648108522, "24": 6.915582010657882e+19, "25": 3.40252915033768e-06, "26": 1292.068139461284, "27": 2.266334968755531e+21, "28": 2.8179081386862102e-08, "29": 338710.88725398673, "30": 6.408192671411273e+17, "31": 0.00567703777188626, "32": 22901.939832837408, "33": 1.7893767108396616e+18, "34": 0.0072414734623398634, "35": 27549.908356943986, "36": 2.28091547768316e+18, "37": 0.0020525549404508247, "38": 64621.88536368113, "39": 3.99135993157123e+19, "40": 0.003991882044257814, "41": 35000.475412037114, "42": 2.9276499136262426e+18, "43": 0.0016854224284867897, "44": 64126.42156575119, "45": 4.1684669963123065e+20, "46": 0.005022925015234547, "47": 32121.865399276943}}